"년월일","호기","구분","1","2","3","4","5","6","7","8","9","10","11","12","13","14","15","16","17","18","19","20","21","22","23","24"
"2017-01-01","1","발전량","0","0","0","0","0","0","0","0","74.16","192.96","393.84","511.2","538.56","520.56","444.24","298.08","105.12","4.32","0","0","0","0","0","0"
"2017-01-02","1","발전량","0","0","0","0","0","0","0","0","72","244.08","403.2","491.76","529.2","512.64","401.76","262.8","43.92","2.88","0","0","0","0","0","0"
"2017-01-03","1","발전량","0","0","0","0","0","0","0","0.72","87.12","275.04","421.2","509.04","542.16","520.56","446.4","300.96","108.72","5.04","0","0","0","0","0","0"
"2017-01-04","1","발전량","0","0","0","0","0","0","0","0","42.48","146.88","234.72","362.88","439.2","444.24","321.84","162","107.28","7.2","0","0","0","0","0","0"
"2017-01-05","1","발전량","0","0","0","0","0","0","0","0.72","38.16","195.12","293.76","294.48","259.2","202.32","126","79.92","14.4","0","0","0","0","0","0","0"
"2017-01-06","1","발전량","0","0","0","0","0","0","0","0.72","41.04","204.48","422.64","514.8","544.32","534.96","465.84","315.36","119.52","2.88","0","0","0","0","0","0"
"2017-01-07","1","발전량","0","0","0","0","0","0","0","0.72","43.2","157.68","218.88","329.76","266.4","198.72","224.64","82.8","28.8","0","0","0","0","0","0","0"
"2017-01-08","1","발전량","0","0","0","0","0","0","0","0","15.12","185.76","280.08","192.96","234.72","263.52","378","302.4","129.6","5.76","0","0","0","0","0","0"
"2017-01-09","1","발전량","0","0","0","0","0","0","0","0.72","57.6","189.36","270.72","303.84","523.44","545.76","486.72","340.56","134.64","7.92","0","0","0","0","0","0"
"2017-01-10","1","발전량","0","0","0","0","0","0","0","1.44","97.2","289.44","452.88","558","594","580.32","511.2","357.84","146.16","9.36","0","0","0","0","0","0"
"2017-01-11","1","발전량","0","0","0","0","0","0","0","0.72","96.48","311.04","477.36","500.4","384.48","586.8","512.64","360","145.44","10.8","0","0","0","0","0","0"
"2017-01-12","1","발전량","0","0","0","0","0","0","0","0.72","49.68","187.2","307.44","506.88","583.92","505.44","376.56","287.28","87.84","7.92","0","0","0","0","0","0"
"2017-01-13","1","발전량","0","0","0","0","0","0","0","0.72","90.72","270","419.04","503.28","458.64","191.52","388.8","240.48","140.4","7.92","0","0","0","0","0","0"
"2017-01-14","1","발전량","0","0","0","0","0","0","0","1.44","102.96","314.64","479.52","599.76","647.28","633.6","559.44","414.72","185.76","12.96","0","0","0","0","0","0"
"2017-01-15","1","발전량","0","0","0","0","0","0","0","1.44","106.56","317.52","488.88","583.92","619.92","603.36","539.28","398.16","182.16","13.68","0","0","0","0","0","0"
"2017-01-16","1","발전량","0","0","0","0","0","0","0","2.16","100.08","298.8","483.12","586.08","619.92","611.28","540.72","400.32","182.88","13.68","0","0","0","0","0","0"
"2017-01-17","1","발전량","0","0","0","0","0","0","0","2.88","84.96","236.16","343.44","418.32","390.24","271.44","231.12","160.56","73.44","9.36","0","0","0","0","0","0"
"2017-01-18","1","발전량","0","0","0","0","0","0","0","0.72","55.44","234.72","362.16","457.2","527.76","423.36","388.08","140.4","50.4","5.04","0","0","0","0","0","0"
"2017-01-19","1","발전량","0","0","0","0","0","0","0","1.44","46.8","178.56","295.92","401.76","447.12","452.88","456.48","316.08","140.4","12.96","0","0","0","0","0","0"
"2017-01-20","1","발전량","0","0","0","0","0","0","0","0","0","0","0","0","0","0","0","0","0","0","0","0","0","0","0","0"
"2017-01-21","1","발전량","0","0","0","0","0","0","0","0","0","0","0","200.88","361.44","438.48","339.12","200.88","162.72","18","0","0","0","0","0","0"
"2017-01-22","1","발전량","0","0","0","0","0","0","0","0.72","84.96","298.8","484.56","586.8","626.4","619.2","552.96","414","189.36","18.72","0","0","0","0","0","0"
"2017-01-23","1","발전량","0","0","0","0","0","0","0","2.16","100.8","308.16","471.6","596.88","642.96","642.96","576.72","439.2","219.6","24.48","0","0","0","0","0","0"
"2017-01-24","1","발전량","0","0","0","0","0","0","0","2.88","116.64","321.12","485.28","582.48","624.96","631.44","564.48","431.28","219.6","25.92","0","0","0","0","0","0"
"2017-01-25","1","발전량","0","0","0","0","0","0","0","2.88","120.96","316.08","478.8","576.72","619.2","602.64","534.96","403.2","208.08","26.64","0","0","0","0","0","0"
"2017-01-26","1","발전량","0","0","0","0","0","0","0","3.6","115.92","313.92","476.64","579.6","607.68","596.16","497.52","407.52","176.4","33.84","0","0","0","0","0","0"
"2017-01-27","1","발전량","0","0","0","0","0","0","0","0","21.6","83.52","224.64","594","639.36","622.8","561.6","437.04","232.56","30.96","0","0","0","0","0","0"
"2017-01-28","1","발전량","0","0","0","0","0","0","0","4.32","116.64","321.12","483.12","580.32","610.56","594","528.48","393.84","145.44","20.88","0","0","0","0","0","0"
"2017-01-29","1","발전량","0","0","0","0","0","0","0","0","3.6","11.52","33.12","30.96","23.76","23.76","60.48","66.96","32.4","5.04","0","0","0","0","0","0"
"2017-01-30","1","발전량","0","0","0","0","0","0","0","0.72","82.8","306","486","591.84","642.24","647.28","566.64","437.76","239.76","38.16","0","0","0","0","0","0"
"2017-01-31","1","발전량","0","0","0","0","0","0","0","3.6","113.04","312.48","475.2","581.76","621.36","610.56","555.12","416.88","246.96","43.2","0","0","0","0","0","0"
"2017-02-01","1","발전량","0","0","0","0","0","0","0","0","39.6","144","446.4","560.16","642.24","632.16","581.04","458.64","249.12","41.04","0","0","0","0","0","0"
"2017-02-02","1","발전량","0","0","0","0","0","0","0","6.48","140.4","356.4","527.76","613.44","647.28","646.56","607.68","486","277.92","49.68","0","0","0","0","0","0"
"2017-02-03","1","발전량","0","0","0","0","0","0","0","6.48","142.56","298.8","478.08","576.72","558","389.52","432.72","329.04","147.6","41.76","0","0","0","0","0","0"
"2017-02-04","1","발전량","0","0","0","0","0","0","0","0","30.96","282.96","458.64","559.44","437.76","270.72","249.12","113.04","34.56","0.72","0","0","0","0","0","0"
"2017-02-05","1","발전량","0","0","0","0","0","0","0","0.72","33.84","190.8","319.68","327.6","305.28","249.84","475.2","91.44","62.64","16.56","0","0","0","0","0","0"
"2017-02-06","1","발전량","0","0","0","0","0","0","0","5.76","127.44","342.72","521.28","635.04","671.76","657.36","601.2","478.8","280.08","42.48","0","0","0","0","0","0"
"2017-02-07","1","발전량","0","0","0","0","0","0","0","2.88","54.72","128.88","284.4","468","608.4","567.36","520.56","280.08","81.36","25.2","0","0","0","0","0","0"
"2017-02-08","1","발전량","0","0","0","0","0","0","0","2.16","52.56","111.6","185.04","294.48","336.96","292.32","210.96","233.28","78.48","16.56","0","0","0","0","0","0"
"2017-02-09","1","발전량","0","0","0","0","0","0","0","4.32","93.6","325.44","569.52","643.68","688.32","687.6","624.24","498.96","300.24","59.76","0","0","0","0","0","0"
"2017-02-10","1","발전량","0","0","0","0","0","0","0","9.36","138.96","357.84","501.84","617.04","683.28","660.24","625.68","502.56","300.96","66.24","0","0","0","0","0","0"
"2017-02-11","1","발전량","0","0","0","0","0","0","0","10.8","154.08","367.92","527.76","626.4","681.12","689.04","627.12","498.96","305.28","69.12","0","0","0","0","0","0"
"2017-02-12","1","발전량","0","0","0","0","0","0","0","15.84","170.64","375.12","529.92","632.16","673.92","670.32","614.16","501.12","313.92","74.16","0","0","0","0","0","0"
"2017-02-13","1","발전량","0","0","0","0","0","0","0","11.52","144","330.48","481.68","569.52","596.16","588.24","519.84","376.56","159.84","34.56","0","0","0","0","0","0"
"2017-02-14","1","발전량","0","0","0","0","0","0","0","10.08","145.44","357.12","525.6","621.36","655.92","649.44","588.24","464.4","276.48","65.52","0","0","0","0","0","0"
"2017-02-15","1","발전량","0","0","0","0","0","0","0","15.12","156.96","349.92","507.6","596.16","643.68","640.8","559.44","442.08","254.16","64.08","0","0","0","0","0","0"
"2017-02-16","1","발전량","0","0","0","0","0","0","0","16.56","167.76","346.32","457.92","555.84","519.12","374.4","554.4","342.72","216.72","30.96","0","0","0","0","0","0"
"2017-02-17","1","발전량","0","0","0","0","0","0","0","7.2","74.88","138.96","355.68","482.4","565.92","615.6","586.8","480.96","305.28","92.16","0.72","0","0","0","0","0"
"2017-02-18","1","발전량","0","0","0","0","0","0","0","10.08","182.16","401.76","569.52","662.4","707.04","707.76","640.8","502.56","277.2","80.64","0.72","0","0","0","0","0"
"2017-02-19","1","발전량","0","0","0","0","0","0","0","15.84","156.24","301.68","407.52","599.04","635.04","655.92","589.68","444.96","69.84","10.8","0","0","0","0","0","0"
"2017-02-20","1","발전량","0","0","0","0","0","0","0","0","0.72","19.44","207.36","571.68","646.56","704.16","642.24","514.08","332.64","96.48","0.72","0","0","0","0","0"
"2017-02-21","1","발전량","0","0","0","0","0","0","0","11.52","167.76","380.88","540.72","627.84","663.12","656.64","591.84","473.76","294.48","91.44","1.44","0","0","0","0","0"
"2017-02-22","1","발전량","0","0","0","0","0","0","0","0","5.04","10.8","38.88","56.16","51.12","40.32","36","19.44","3.6","0","0","0","0","0","0","0"
"2017-02-23","1","발전량","0","0","0","0","0","0","0","24.48","174.96","388.8","555.84","712.08","616.32","450.72","380.16","293.04","104.4","28.08","0","0","0","0","0","0"
"2017-02-24","1","발전량","0","0","0","0","0","0","0","28.08","203.76","421.2","582.48","676.8","720","709.92","651.6","538.56","346.32","107.28","1.44","0","0","0","0","0"
"2017-02-25","1","발전량","0","0","0","0","0","0","0","27.36","180.72","375.12","529.92","623.52","679.68","671.04","591.84","448.56","288.72","94.32","1.44","0","0","0","0","0"
"2017-02-26","1","발전량","0","0","0","0","0","0","0","23.76","162.72","298.8","447.12","554.4","520.56","306","0","0","0","0","0","0","0","0","0","0"
"2017-02-27","1","발전량","0","0","0","0","0","0","0","0","0","0","0","0","0","0","0","0","0","0","0","0","0","0","0","0"
"2017-02-28","1","발전량","0","0","0","0","0","0","0","0","0","0","0","0","0","0","0","0","0","0","0","0","0","0","0","0"
"2017-03-01","1","발전량","0","0","0","0","0","0","0","0","0","0","0","0","0","0","0","0","0","0","0","0","0","0","0","0"
"2017-03-02","1","발전량","0","0","0","0","0","0","0","0","0","0","0","0","0","0","0","358.56","345.6","120.24","2.88","0","0","0","0","0"
"2017-03-03","1","발전량","0","0","0","0","0","0","0","39.6","218.16","418.32","577.44","656.64","686.88","676.8","639.36","489.6","307.44","102.24","2.16","0","0","0","0","0"
"2017-03-04","1","발전량","0","0","0","0","0","0","0","43.92","166.32","262.8","542.16","606.24","684","680.4","614.88","489.6","318.24","116.64","3.6","0","0","0","0","0"
"2017-03-05","1","발전량","0","0","0","0","0","0","0","18","87.84","140.4","182.88","328.32","441.36","550.08","549.36","488.16","311.04","98.64","3.6","0","0","0","0","0"
"2017-03-06","1","발전량","0","0","0","0","0","0","0","39.6","195.84","457.92","601.92","689.04","729.36","719.28","666.72","548.64","363.6","134.64","4.32","0","0","0","0","0"
"2017-03-07","1","발전량","0","0","0","0","0","0","0","40.32","182.88","401.76","546.48","681.84","697.68","733.68","671.04","522","182.88","87.12","5.04","0","0","0","0","0"
"2017-03-08","1","발전량","0","0","0","0","0","0","0","53.28","238.32","438.48","582.48","679.68","488.88","626.4","601.2","262.8","332.64","137.52","5.04","0","0","0","0","0"
"2017-03-09","1","발전량","0","0","0","0","0","0","0","51.12","233.28","430.56","580.32","665.28","696.24","693.36","636.48","512.64","312.48","123.84","5.76","0","0","0","0","0"
"2017-03-10","1","발전량","0","0","0","0","0","0","0","51.84","236.88","432","577.44","655.2","697.68","690.48","635.04","524.88","352.08","131.76","6.48","0","0","0","0","0"
"2017-03-11","1","발전량","0","0","0","0","0","0","0","61.92","237.6","426.96","544.32","547.92","636.48","648","596.16","486.72","320.4","119.52","3.6","0","0","0","0","0"
"2017-03-12","1","발전량","0","0","0","0","0","0","0","43.92","216","398.88","542.16","624.96","651.6","608.4","594.72","290.16","241.2","59.04","2.88","0","0","0","0","0"
"2017-03-13","1","발전량","0","0","0","0","0","0","0","46.08","219.6","428.4","565.92","640.08","571.68","539.28","453.6","330.48","192.96","63.36","2.88","0","0","0","0","0"
"2017-03-14","1","발전량","0","0","0","0","0","0","0","44.64","205.2","404.64","568.8","641.52","674.64","684","637.92","536.4","342.72","141.12","8.64","0","0","0","0","0"
"2017-03-15","1","발전량","0","0","0","0","0","0","0","59.76","245.52","436.32","575.28","663.84","696.96","682.56","621.36","507.6","336.96","133.92","7.92","0","0","0","0","0"
"2017-03-16","1","발전량","0","0","0","0","0","0","0","55.44","224.64","402.48","544.32","645.84","667.44","589.68","489.6","291.6","156.96","52.56","5.04","0","0","0","0","0"
"2017-03-17","1","발전량","0","0","0","0","0","0","0.72","69.12","246.96","429.12","562.32","644.4","679.68","661.68","590.4","475.2","310.32","120.96","7.92","0","0","0","0","0"
"2017-03-18","1","발전량","0","0","0","0","0","0","0.72","36","98.64","127.44","142.56","270.72","445.68","488.88","555.84","443.52","284.4","110.16","7.92","0","0","0","0","0"
"2017-03-19","1","발전량","0","0","0","0","0","0","1.44","69.84","236.16","421.92","550.8","632.16","669.6","650.88","594.72","445.68","273.6","95.76","7.2","0","0","0","0","0"
"2017-03-20","1","발전량","0","0","0","0","0","0","0.72","50.4","133.92","213.12","208.08","157.68","119.52","110.16","66.96","32.4","20.16","8.64","0","0","0","0","0","0"
"2017-03-21","1","발전량","0","0","0","0","0","0","0.72","61.92","228.96","412.56","541.44","621.36","653.04","556.56","632.88","547.2","388.08","161.28","13.68","0","0","0","0","0"
"2017-03-22","1","발전량","0","0","0","0","0","0","2.16","57.6","153.36","256.32","339.84","519.84","588.24","577.44","471.6","360","184.32","62.64","3.6","0","0","0","0","0"
"2017-03-23","1","발전량","0","0","0","0","0","0","0","43.92","107.28","192.96","242.64","480.24","483.12","470.16","389.52","325.44","307.44","134.64","12.24","0","0","0","0","0"
"2017-03-24","1","발전량","0","0","0","0","0","0","1.44","42.48","126.72","155.52","270.72","321.84","362.88","308.88","209.52","105.12","146.16","64.08","5.04","0","0","0","0","0"
"2017-03-25","1","발전량","0","0","0","0","0","0","0","30.24","83.52","130.32","141.12","190.8","223.2","182.88","61.92","79.92","35.28","10.8","0","0","0","0","0","0"
"2017-03-26","1","발전량","0","0","0","0","0","0","2.16","30.24","126.72","291.6","544.32","631.44","608.4","280.8","41.76","188.64","216.72","74.88","3.6","0","0","0","0","0"
"2017-03-27","1","발전량","0","0","0","0","0","0","2.16","54","234","413.28","522","452.16","258.48","547.2","456.48","342","324.72","112.32","15.84","0","0","0","0","0"
"2017-03-28","1","발전량","0","0","0","0","0","0","5.76","95.76","279.36","462.24","588.24","627.12","623.52","596.88","542.16","398.16","257.76","66.96","4.32","0","0","0","0","0"
"2017-03-29","1","발전량","0","0","0","0","0","0","0","2.88","33.12","30.96","64.8","59.76","79.92","86.4","75.6","54.72","48.24","28.8","5.04","0","0","0","0","0"
"2017-03-30","1","발전량","0","0","0","0","0","0","1.44","38.16","138.96","397.44","599.04","670.32","704.16","685.44","623.52","521.28","357.84","150.48","14.4","0","0","0","0","0"
"2017-03-31","1","발전량","0","0","0","0","0","0","0","23.76","107.28","151.92","0","307.44","173.52","208.8","158.4","186.48","264.96","37.44","0","0","0","0","0","0"
"2017-04-01","1","발전량","0","0","0","0","0","0","0.72","18","108.72","194.4","385.2","409.68","462.24","401.04","314.64","350.64","100.8","32.4","10.8","0","0","0","0","0"
"2017-04-02","1","발전량","0","0","0","0","0","0","2.16","67.68","278.64","465.12","576","344.16","528.48","439.92","510.48","488.16","375.12","159.12","19.44","0","0","0","0","0"
"2017-04-03","1","발전량","0","0","0","0","0","0","8.64","109.44","306","486.72","608.4","675.36","703.44","691.92","632.16","524.88","365.76","170.64","21.6","0","0","0","0","0"
"2017-04-04","1","발전량","0","0","0","0","0","0","10.08","104.4","272.16","451.44","570.96","633.6","640.8","649.44","587.52","398.16","313.92","103.68","15.84","0","0","0","0","0"
"2017-04-05","1","발전량","0","0","0","0","0","0","0.72","18","36.72","153.36","180.72","84.96","84.24","108","37.44","36","9.36","1.44","0","0","0","0","0","0"
"2017-04-06","1","발전량","0","0","0","0","0","0","0","1.44","15.84","28.8","10.08","18.72","98.64","119.52","106.56","171.36","97.92","49.68","2.16","0","0","0","0","0"
"2017-04-07","1","발전량","0","0","0","0","0","0","2.16","51.12","219.6","486","606.96","647.28","650.16","628.56","570.96","438.48","275.76","118.08","22.32","0","0","0","0","0"
"2017-04-08","1","발전량","0","0","0","0","0","0","15.84","113.76","273.6","424.08","581.04","637.92","670.32","649.44","587.52","481.68","321.12","144","16.56","0","0","0","0","0"
"2017-04-09","1","발전량","0","0","0","0","0","0","8.64","84.96","223.92","309.6","492.48","515.52","423.36","395.28","295.2","190.8","95.04","16.56","2.88","0","0","0","0","0"
"2017-04-10","1","발전량","0","0","0","0","0","0","10.8","92.16","244.08","414.72","614.16","662.4","724.32","671.76","586.08","366.48","236.16","29.52","0.72","0","0","0","0","0"
"2017-04-11","1","발전량","0","0","0","0","0","0","0","28.08","75.6","179.28","311.76","310.32","652.32","690.48","630","524.88","364.32","172.8","27.36","0","0","0","0","0"
"2017-04-12","1","발전량","0","0","0","0","0","0","7.2","97.2","246.24","411.84","581.04","631.44","627.84","561.6","604.08","519.84","352.8","167.04","40.32","0","0","0","0","0"
"2017-04-13","1","발전량","0","0","0","0","0","0","18.72","118.8","289.44","457.2","558","619.2","642.96","628.56","583.92","487.44","323.28","146.16","26.64","0","0","0","0","0"
"2017-04-14","1","발전량","0","0","0","0","0","0","22.32","125.28","297.36","498.96","591.12","537.12","575.28","590.4","275.76","422.64","274.32","145.44","18.72","0","0","0","0","0"
"2017-04-15","1","발전량","0","0","0","0","0","0","10.08","94.32","277.2","464.4","583.92","574.56","666","637.92","478.8","478.08","354.96","161.28","27.36","0","0","0","0","0"
"2017-04-16","1","발전량","0","0","0","0","0","0","12.96","71.28","265.68","356.4","573.84","645.12","654.48","640.08","595.44","482.4","340.56","156.24","21.6","0","0","0","0","0"
"2017-04-17","1","발전량","0","0","0","0","0","0","0.72","3.6","2.88","15.12","54","64.08","29.52","38.16","17.28","10.8","46.8","18.72","16.56","0","0","0","0","0"
"2017-04-18","1","발전량","0","0","0","0","0","0","30.96","141.12","323.28","473.04","587.52","642.24","532.8","629.28","572.4","365.76","188.64","82.08","19.44","0","0","0","0","0"
"2017-04-19","1","발전량","0","0","0","0","0","0","20.88","133.92","326.88","494.64","623.52","686.16","702.72","684","620.64","520.56","367.92","175.68","32.4","0","0","0","0","0"
"2017-04-20","1","발전량","0","0","0","0","0","0","6.48","41.76","105.84","415.44","275.76","428.4","585.36","322.56","48.96","54","18.72","15.84","0.72","0","0","0","0","0"
"2017-04-21","1","발전량","0","0","0","0","0","0","21.6","110.88","288","504.72","580.32","645.12","645.12","593.28","486.72","347.04","243.36","126","25.2","0","0","0","0","0"
"2017-04-22","1","발전량","0","0","0","0","0","0","28.8","130.32","291.6","452.16","572.4","635.76","594","173.52","567.36","173.52","326.88","83.52","22.32","0","0","0","0","0"
"2017-04-23","1","발전량","0","0","0","0","0","0","17.28","85.68","257.04","481.68","594","663.84","689.04","686.88","627.12","506.16","344.16","174.96","33.84","0","0","0","0","0"
"2017-04-24","1","발전량","0","0","0","0","0","0","35.28","143.28","337.68","498.24","617.04","676.8","702","699.84","640.8","542.16","381.6","144","36","0","0","0","0","0"
"2017-04-25","1","발전량","0","0","0","0","0","0","34.56","152.64","237.6","389.52","481.68","546.48","470.16","367.2","297.36","210.24","151.92","89.28","18.72","0","0","0","0","0"
"2017-04-26","1","발전량","0","0","0","0","0","0","3.6","26.64","26.64","119.52","164.88","226.8","430.56","315.36","292.32","439.92","299.52","177.84","42.48","0.72","0","0","0","0"
"2017-04-27","1","발전량","0","0","0","0","0","0","31.68","119.52","238.32","486","622.08","690.48","668.88","650.16","568.8","271.44","298.08","192.96","37.44","0","0","0","0","0"
"2017-04-28","1","발전량","0","0","0","0","0","0","28.08","147.6","332.64","490.32","596.16","663.12","694.08","684.72","614.88","475.2","276.48","156.96","54.72","0","0","0","0","0"
"2017-04-29","1","발전량","0","0","0","0","0","0.72","31.68","146.88","325.44","483.12","589.68","646.56","668.88","646.56","596.16","492.48","339.84","167.76","36","0","0","0","0","0"
"2017-04-30","1","발전량","0","0","0","0","0","0","30.96","133.2","294.48","444.24","536.4","609.84","632.16","612.72","558","462.24","311.04","147.6","33.84","0","0","0","0","0"
"2017-05-01","1","발전량","0","0","0","0","0","0","34.56","135.36","295.2","435.6","439.2","549.36","591.12","573.12","552.24","462.96","324.72","159.84","35.28","0","0","0","0","0"
"2017-05-02","1","발전량","0","0","0","0","0","0.72","42.48","130.32","260.64","359.28","442.8","513.36","674.64","546.48","577.44","444.96","312.48","153.36","54","0.72","0","0","0","0"
"2017-05-03","1","발전량","0","0","0","0","0","0","36","151.92","324","474.48","573.12","624.24","636.48","624.24","577.44","491.04","342.72","170.64","35.28","0","0","0","0","0"
"2017-05-04","1","발전량","0","0","0","0","0","0.72","37.44","144.72","313.92","465.84","536.4","542.88","447.12","444.24","392.4","178.56","242.64","154.8","33.12","0","0","0","0","0"
"2017-05-05","1","발전량","0","0","0","0","0","0","6.48","30.96","68.4","110.88","195.84","141.12","159.84","120.96","143.28","111.6","97.2","33.84","3.6","0","0","0","0","0"
"2017-05-06","1","발전량","0","0","0","0","0","0.72","42.48","132.48","235.44","423.36","546.48","522","642.24","600.48","586.8","411.84","218.16","136.08","37.44","0.72","0","0","0","0"
"2017-05-07","1","발전량","0","0","0","0","0","0","36.72","154.8","326.16","473.76","563.76","629.28","635.76","640.8","586.08","491.76","359.28","184.32","46.08","0.72","0","0","0","0"
"2017-05-08","1","발전량","0","0","0","0","0","2.16","53.28","144","308.16","383.76","447.84","529.2","550.8","414","204.48","173.52","92.16","49.68","6.48","0","0","0","0","0"
"2017-05-09","1","발전량","0","0","0","0","0","0","0","9.36","33.84","51.12","77.04","54.72","93.6","67.68","86.4","36.72","5.04","12.24","0","0","0","0","0","0"
"2017-05-10","1","발전량","0","0","0","0","0","0","4.32","55.44","174.96","254.16","208.08","266.4","311.04","182.88","329.76","211.68","167.76","176.4","45.36","0.72","0","0","0","0"
"2017-05-11","1","발전량","0","0","0","0","0","0.72","36","87.84","196.56","436.32","497.52","485.28","642.96","617.76","582.48","478.08","277.2","133.92","46.08","0","0","0","0","0"
"2017-05-12","1","발전량","0","0","0","0","0","0","7.2","29.52","48.96","41.76","20.16","47.52","108.72","136.8","67.68","66.24","126","38.16","11.52","0","0","0","0","0"
"2017-05-13","1","발전량","0","0","0","0","0","0","25.2","104.4","250.56","471.6","570.24","624.96","642.96","624.96","570.24","478.08","336.24","149.76","40.32","0.72","0","0","0","0"
"2017-05-14","1","발전량","0","0","0","0","0","2.16","40.32","167.04","352.8","506.16","606.24","653.76","666","645.12","598.32","529.2","314.64","198","49.68","1.44","0","0","0","0"
"2017-05-15","1","발전량","0","0","0","0","0","1.44","56.88","176.4","312.48","444.96","599.04","640.8","666.72","601.2","484.56","439.2","306","182.16","55.44","2.88","0","0","0","0"
"2017-05-16","1","발전량","0","0","0","0","0","2.16","36","162","348.48","432.72","496.08","645.12","409.68","422.64","216.72","142.56","144.72","77.04","34.56","0","0","0","0","0"
"2017-05-17","1","발전량","0","0","0","0","0","1.44","45.36","164.16","334.08","484.56","586.8","555.84","595.44","578.16","238.32","349.2","291.6","192.96","61.92","1.44","0","0","0","0"
"2017-05-18","1","발전량","0","0","0","0","0","2.16","46.08","160.56","334.08","481.68","585.36","633.6","640.8","635.04","570.96","489.6","334.8","177.84","43.2","0.72","0","0","0","0"
"2017-05-19","1","발전량","0","0","0","0","0","2.16","41.76","159.84","331.2","473.76","574.56","627.12","645.12","635.76","582.48","496.08","362.16","192.24","48.96","0.72","0","0","0","0"
"2017-05-20","1","발전량","0","0","0","0","0","5.04","47.52","172.08","307.44","475.92","352.08","542.16","550.08","607.68","447.12","415.44","367.2","172.08","39.6","0.72","0","0","0","0"
"2017-05-21","1","발전량","0","0","0","0","0","1.44","50.4","209.52","353.52","466.56","499.68","650.16","472.32","576","563.04","440.64","157.68","96.48","43.2","4.32","0","0","0","0"
"2017-05-22","1","발전량","0","0","0","0","0","3.6","45.36","162.72","332.64","477.36","572.4","628.56","649.44","632.16","594","494.64","338.4","156.96","67.68","2.16","0","0","0","0"
"2017-05-23","1","발전량","0","0","0","0","0","6.48","72.72","143.28","311.04","296.64","503.28","561.6","617.04","358.56","525.6","271.44","158.4","70.56","25.92","0.72","0","0","0","0"
"2017-05-24","1","발전량","0","0","0","0","0","3.6","48.96","136.8","221.76","312.48","437.76","410.4","223.2","236.16","519.84","434.88","256.32","197.28","42.48","1.44","0","0","0","0"
"2017-05-25","1","발전량","0","0","0","0","0","0.72","32.4","105.84","298.08","489.6","588.96","645.12","660.96","642.96","589.68","500.4","379.44","207.36","54","2.16","0","0","0","0"
"2017-05-26","1","발전량","0","0","0","0","0","2.88","35.28","167.04","362.88","518.4","613.44","658.8","688.32","665.28","639.36","542.88","398.88","219.6","55.44","2.16","0","0","0","0"
"2017-05-27","1","발전량","0","0","0","0","0","2.88","39.6","166.32","348.48","493.92","592.56","645.12","661.68","635.76","601.2","517.68","372.24","200.16","56.16","2.16","0","0","0","0"
"2017-05-28","1","발전량","0","0","0","0","0","4.32","56.16","154.08","298.8","434.16","542.88","604.8","631.44","619.92","572.4","488.16","358.56","194.4","55.44","2.88","0","0","0","0"
"2017-05-29","1","발전량","0","0","0","0","0","2.88","42.48","152.64","314.64","454.32","550.08","603.36","620.64","606.24","559.44","460.8","328.32","182.88","51.84","0.72","0","0","0","0"
"2017-05-30","1","발전량","0","0","0","0","0","3.6","40.32","183.6","267.12","432.72","542.88","524.88","452.16","524.16","366.48","272.88","182.88","92.16","35.28","2.88","0","0","0","0"
"2017-05-31","1","발전량","0","0","0","0","0","0.72","25.92","58.32","88.56","292.32","490.32","549.36","576.72","588.96","583.92","385.2","259.92","176.4","23.04","0","0","0","0","0"
"2017-06-01","1","발전량","0","0","0","0","0","0","0","0","0","0","0","0","162.72","607.68","527.04","467.28","249.84","112.32","56.88","3.6","0","0","0","0"
"2017-06-02","1","발전량","0","0","0","0","0","2.16","36.72","163.44","348.48","498.96","595.44","650.88","638.64","595.44","573.12","500.4","367.2","203.76","58.32","4.32","0","0","0","0"
"2017-06-03","1","발전량","0","0","0","0","0","1.44","49.68","169.2","332.64","455.76","571.68","606.24","641.52","591.84","556.56","523.44","363.6","177.12","59.76","1.44","0","0","0","0"
"2017-06-04","1","발전량","0","0","0","0","0","2.16","42.48","192.24","307.44","480.24","586.08","647.28","635.04","587.52","547.92","495.36","385.2","213.84","59.04","4.32","0","0","0","0"
"2017-06-05","1","발전량","0","0","0","0","0","7.2","62.64","172.08","334.08","473.04","572.4","616.32","522","467.28","514.8","383.04","272.88","169.92","61.2","4.32","0","0","0","0"
"2017-06-06","1","발전량","0","0","0","0","0","1.44","36.72","88.56","139.68","249.12","269.28","315.36","329.76","148.32","97.2","71.28","37.44","5.76","0","0","0","0","0","0"
"2017-06-07","1","발전량","0","0","0","0","0","0","4.32","30.96","95.04","252.72","226.8","158.4","413.28","460.08","437.04","430.56","253.44","139.68","43.92","0.72","0","0","0","0"
"2017-06-08","1","발전량","0","0","0","0","0","3.6","38.16","163.44","350.64","506.88","606.96","666.72","640.08","574.56","573.12","527.04","396","220.32","61.92","2.88","0","0","0","0"
"2017-06-09","1","발전량","0","0","0","0","0","4.32","64.08","151.2","300.96","387.36","551.52","606.96","646.56","640.8","591.84","503.28","363.6","195.12","62.64","5.04","0","0","0","0"
"2017-06-10","1","발전량","0","0","0","0","0","2.88","53.28","151.2","262.8","421.92","481.68","562.32","493.92","480.96","428.4","226.08","119.52","109.44","28.08","5.04","0","0","0","0"
"2017-06-11","1","발전량","0","0","0","0","0","0","1.44","95.04","267.12","282.24","378.72","565.92","632.88","627.12","570.96","464.4","329.76","167.04","54.72","6.48","0","0","0","0"
"2017-06-12","1","발전량","0","0","0","0","0","1.44","46.8","146.16","258.48","359.28","481.68","567.36","521.28","455.76","389.52","345.6","317.52","187.2","77.04","7.2","0","0","0","0"
"2017-06-13","1","발전량","0","0","0","0","0","2.88","61.92","174.96","306.72","399.6","556.56","581.04","619.92","516.24","408.96","177.12","79.2","31.68","5.76","0","0","0","0","0"
"2017-06-14","1","발전량","0","0","0","0","0","4.32","38.16","162","327.6","479.52","576","630","612","601.92","419.76","300.24","262.8","211.68","69.84","5.76","0","0","0","0"
"2017-06-15","1","발전량","0","0","0","0","0","4.32","43.2","155.52","318.24","457.92","546.48","600.48","621.36","609.12","565.2","485.28","351.36","181.44","66.24","12.24","0","0","0","0"
"2017-06-16","1","발전량","0","0","0","0","0","10.08","60.48","159.84","306","437.04","531.36","581.76","609.84","552.96","545.04","466.56","334.8","183.6","66.96","6.48","0","0","0","0"
"2017-06-17","1","발전량","0","0","0","0","0","4.32","51.84","151.92","298.8","441.36","534.96","583.92","604.8","588.96","540","465.12","334.08","187.2","66.96","5.76","0","0","0","0"
"2017-06-18","1","발전량","0","0","0","0","0","4.32","48.96","151.92","299.52","437.04","533.52","591.84","613.44","601.92","568.8","475.92","351.36","200.88","66.96","6.48","0","0","0","0"
"2017-06-19","1","발전량","0","0","0","0","0","5.76","59.04","162","303.12","442.8","459.36","572.4","612","596.88","549.36","480.96","334.08","165.6","73.44","3.6","0","0","0","0"
"2017-06-20","1","발전량","0","0","0","0","0","1.44","35.28","96.48","170.64","260.64","270","198.72","211.68","267.84","123.84","62.64","28.08","1.44","0","0","0","0","0","0"
"2017-06-21","1","발전량","0","0","0","0","0","4.32","43.92","151.92","300.96","444.24","532.8","612","645.84","422.64","222.48","365.04","220.32","133.92","48.96","2.88","0","0","0","0"
"2017-06-22","1","발전량","0","0","0","0","0","3.6","60.48","175.68","289.44","421.92","486.72","591.84","644.4","549.36","522.72","466.56","352.8","180","60.48","7.2","0","0","0","0"
"2017-06-23","1","발전량","0","0","0","0","0","2.16","50.4","153.36","293.76","429.12","519.12","550.8","558","574.56","463.68","381.6","246.96","146.88","58.32","5.04","0","0","0","0"
"2017-06-24","1","발전량","0","0","0","0","0","6.48","56.88","132.48","257.04","447.12","480.24","487.44","408.24","424.08","306.72","234","258.48","108.72","59.04","11.52","0","0","0","0"
"2017-06-25","1","발전량","0","0","0","0","0","2.88","42.48","110.16","275.76","272.16","257.04","323.28","260.64","272.88","570.96","451.44","347.04","216","62.64","4.32","0","0","0","0"
"2017-06-26","1","발전량","0","0","0","0","0","0","13.68","21.6","69.84","166.32","149.04","258.48","236.88","154.08","79.92","85.68","42.48","36","10.08","2.16","0","0","0","0"
"2017-06-27","1","발전량","0","0","0","0","0","0","20.16","66.96","195.84","170.64","288.72","453.6","440.64","356.4","216","226.08","259.2","120.24","65.52","8.64","0","0","0","0"
"2017-06-28","1","발전량","0","0","0","0","0","2.16","51.84","148.32","295.92","444.24","498.96","543.6","543.6","595.44","516.24","370.08","227.52","128.88","48.96","5.76","0","0","0","0"
"2017-06-29","1","발전량","0","0","0","0","0","0.72","24.48","102.96","123.84","182.16","155.52","220.32","128.88","201.6","228.96","229.68","125.28","51.84","28.08","15.84","0","0","0","0"
"2017-06-30","1","발전량","0","0","0","0","0","7.2","34.56","94.32","174.24","252.72","369.36","489.6","442.08","396.72","349.92","332.64","195.12","151.2","50.4","2.88","0","0","0","0"
"2017-07-01","1","발전량","0","0","0","0","0","2.88","18.72","103.68","151.92","277.92","475.2","336.24","303.84","517.68","572.4","439.2","199.44","172.8","47.52","5.04","0","0","0","0"
"2017-07-02","1","발전량","0","0","0","0","0","1.44","45.36","107.28","213.84","239.04","255.6","343.44","262.8","261.36","293.76","194.4","148.32","90.72","29.52","1.44","0","0","0","0"
"2017-07-03","1","발전량","0","0","0","0","0","0","7.92","54.72","167.76","327.6","516.96","498.24","594.72","269.28","279.36","277.2","143.28","92.88","36.72","2.16","0","0","0","0"
"2017-07-04","1","발전량","0","0","0","0","0","0","22.32","43.92","54.72","270.72","496.8","414.72","366.48","388.08","237.6","248.4","190.8","79.92","18.72","0.72","0","0","0","0"
"2017-07-05","1","발전량","0","0","0","0","0","0","10.8","55.44","160.56","307.44","473.76","462.24","531.36","508.32","567.36","408.24","272.88","147.6","12.96","1.44","0","0","0","0"
"2017-07-06","1","발전량","0","0","0","0","0","0.72","26.64","61.2","118.8","249.84","187.92","162","124.56","224.64","158.4","69.84","5.04","25.92","33.84","1.44","0","0","0","0"
"2017-07-07","1","발전량","0","0","0","0","0","0.72","21.6","67.68","67.68","97.2","157.68","224.64","320.4","333.36","391.68","272.88","133.2","100.8","39.6","5.76","0","0","0","0"
"2017-07-08","1","발전량","0","0","0","0","0","0.72","17.28","29.52","32.4","52.56","25.2","65.52","221.76","241.92","412.56","316.8","92.88","0","0.72","1.44","0","0","0","0"
"2017-07-09","1","발전량","0","0","0","0","0","0.72","42.48","117.36","36.72","0","0","0","0","0","0","0","0","0","0","0","0","0","0","0"
"2017-07-10","1","발전량","0","0","0","0","0","0","0","0","0","0","0","0","0","0","0","58.32","92.16","82.8","32.4","0","0","0","0","0"
"2017-07-11","1","발전량","0","0","0","0","0","2.16","56.88","139.68","157.68","152.64","226.08","251.28","287.28","287.28","246.96","223.2","187.92","158.4","108","11.52","0","0","0","0"
"2017-07-12","1","발전량","0","0","0","0","0","1.44","41.76","130.32","276.48","413.28","519.84","576.72","559.44","518.4","520.56","457.2","342","192.96","64.08","5.76","0","0","0","0"
"2017-07-13","1","발전량","0","0","0","0","0","1.44","34.56","116.64","214.56","421.2","542.88","598.32","578.16","522","506.16","434.16","339.12","208.8","71.28","8.64","0","0","0","0"
"2017-07-14","1","발전량","0","0","0","0","0","2.16","36.72","147.6","109.44","107.28","314.64","394.56","452.88","542.16","540.72","411.84","185.76","33.12","0","0","0","0","0","0"
"2017-07-15","1","발전량","0","0","0","0","0","0","10.8","36.72","83.52","210.24","372.24","396.72","196.56","263.52","225.36","254.88","207.36","113.04","39.6","1.44","0","0","0","0"
"2017-07-16","1","발전량","0","0","0","0","0","0.72","45.36","110.16","174.96","395.28","539.28","411.84","403.2","444.96","528.48","456.48","298.08","247.68","105.84","12.96","0","0","0","0"
"2017-07-17","1","발전량","0","0","0","0","0","1.44","33.84","94.32","182.16","411.12","429.12","357.84","368.64","324","308.88","237.6","35.28","2.16","0.72","0","0","0","0","0"
"2017-07-18","1","발전량","0","0","0","0","0","1.44","46.8","97.2","245.52","167.76","232.56","189.36","390.96","297.36","245.52","204.48","247.68","116.64","36.72","1.44","0","0","0","0"
"2017-07-19","1","발전량","0","0","0","0","0","0","33.84","133.92","267.12","414","458.64","460.8","456.48","463.68","421.92","200.88","252","194.4","65.52","4.32","0","0","0","0"
"2017-07-20","1","발전량","0","0","0","0","0","0.72","40.32","132.48","273.6","412.56","476.64","434.88","462.96","459.36","338.4","347.04","318.24","185.76","69.12","4.32","0","0","0","0"
"2017-07-21","1","발전량","0","0","0","0","0","0.72","33.12","121.68","257.76","352.08","492.48","511.92","419.04","485.28","372.24","378.72","316.8","195.84","45.36","0","0","0","0","0"
"2017-07-22","1","발전량","0","0","0","0","0","1.44","38.16","129.6","250.56","305.28","525.6","428.4","496.8","542.16","496.08","437.04","256.32","225.36","77.04","2.88","0","0","0","0"
"2017-07-23","1","발전량","0","0","0","0","0","0.72","22.32","46.08","145.44","282.24","251.28","311.76","288","295.92","331.92","139.68","140.4","115.92","56.88","1.44","0","0","0","0"
"2017-07-24","1","발전량","0","0","0","0","0","0","33.12","127.44","206.64","337.68","460.8","398.88","374.4","455.76","130.32","128.88","175.68","128.88","41.04","3.6","0","0","0","0"
"2017-07-25","1","발전량","0","0","0","0","0","1.44","15.12","42.48","143.28","204.48","107.28","81.36","347.76","434.88","230.4","192.96","135.36","2.88","2.88","0","0","0","0","0"
"2017-07-26","1","발전량","0","0","0","0","0","0.72","40.32","125.28","272.16","308.88","390.24","516.96","456.48","398.88","419.76","180.72","136.08","70.56","37.44","1.44","0","0","0","0"
"2017-07-27","1","발전량","0","0","0","0","0","0","21.6","120.96","298.8","449.28","550.08","604.8","628.56","614.16","576","502.56","376.56","213.12","51.84","2.16","0","0","0","0"
"2017-07-28","1","발전량","0","0","0","0","0","1.44","28.8","113.76","285.12","414.72","492.48","547.92","604.08","578.16","545.04","456.48","267.84","167.76","56.16","4.32","0","0","0","0"
"2017-07-29","1","발전량","0","0","0","0","0","0","7.92","54","137.52","188.64","135.36","320.4","211.68","138.96","102.24","54.72","15.84","6.48","1.44","0","0","0","0","0"
"2017-07-30","1","발전량","0","0","0","0","0","0","10.08","49.68","146.16","356.4","290.88","282.96","379.44","282.96","224.64","306.72","317.52","149.76","28.08","2.88","0","0","0","0"
"2017-07-31","1","발전량","0","0","0","0","0","0","15.12","99.36","168.48","214.56","336.96","302.4","253.44","251.28","233.28","126.72","31.68","41.04","0","0","0","0","0","0"
"2017-08-01","1","발전량","0","0","0","0","0","0","17.28","66.96","155.52","156.24","457.2","559.44","588.96","595.44","459.36","431.28","345.6","198","47.52","0","0","0","0","0"
"2017-08-02","1","발전량","0","0","0","0","0","0","6.48","23.04","61.2","120.96","212.4","352.8","416.16","395.28","413.28","335.52","313.92","110.88","7.92","0","0","0","0","0"
"2017-08-03","1","발전량","0","0","0","0","0","0","22.32","117.36","293.04","429.84","498.24","552.96","552.24","525.6","533.52","452.16","380.16","207.36","56.88","1.44","0","0","0","0"
"2017-08-04","1","발전량","0","0","0","0","0","0","23.04","115.2","246.96","424.8","529.2","543.6","436.32","543.6","535.68","484.56","370.08","207.36","50.4","0.72","0","0","0","0"
"2017-08-05","1","발전량","0","0","0","0","0","0","25.92","115.2","275.76","430.56","527.76","576","587.52","547.2","454.32","457.2","364.32","199.44","44.64","0.72","0","0","0","0"
"2017-08-06","1","발전량","0","0","0","0","0","0","18","113.04","293.76","444.96","541.44","521.28","491.76","477.36","456.48","326.16","342","192.24","42.48","0","0","0","0","0"
"2017-08-07","1","발전량","0","0","0","0","0","0","19.44","110.16","272.88","424.8","534.24","560.16","533.52","523.44","565.92","475.2","333.36","187.92","51.12","1.44","0","0","0","0"
"2017-08-08","1","발전량","0","0","0","0","0","0.72","33.84","138.24","283.68","327.6","405.36","514.8","339.84","319.68","146.88","144.72","113.04","79.2","5.04","0","0","0","0","0"
"2017-08-09","1","발전량","0","0","0","0","0","0","8.64","76.32","54.72","78.48","117.36","149.76","191.52","272.88","325.44","172.8","77.76","21.6","6.48","0","0","0","0","0"
"2017-08-10","1","발전량","0","0","0","0","0","0","25.92","97.2","144","241.2","395.28","475.92","367.2","499.68","537.84","504.72","381.6","208.8","15.12","0","0","0","0","0"
"2017-08-11","1","발전량","0","0","0","0","0","0","25.92","132.48","221.04","331.92","473.76","440.64","548.64","458.64","377.28","202.32","52.56","33.12","20.16","0","0","0","0","0"
"2017-08-12","1","발전량","0","0","0","0","0","0","24.48","120.96","290.88","408.24","528.48","612","464.4","393.12","264.96","257.76","138.24","39.6","18.72","2.16","0","0","0","0"
"2017-08-13","1","발전량","0","0","0","0","0","0","27.36","65.52","107.28","178.56","329.04","319.68","313.2","298.8","144","106.56","95.76","32.4","2.16","0","0","0","0","0"
"2017-08-14","1","발전량","0","0","0","0","0","0","0","4.32","0.72","5.04","23.04","28.08","63.36","70.56","120.24","34.56","35.28","21.6","0","0","0","0","0","0"
"2017-08-15","1","발전량","0","0","0","0","0","0","21.6","22.32","66.96","54","69.12","76.32","71.28","77.76","77.76","73.44","58.32","26.64","5.04","0","0","0","0","0"
"2017-08-16","1","발전량","0","0","0","0","0","0","8.64","30.24","69.84","102.96","166.32","356.4","514.8","622.08","383.04","343.44","383.04","223.92","84.96","0.72","0","0","0","0"
"2017-08-17","1","발전량","0","0","0","0","0","0","25.92","93.6","83.52","168.48","306.72","354.96","491.76","589.68","332.64","345.6","330.48","130.32","18","0","0","0","0","0"
"2017-08-18","1","발전량","0","0","0","0","0","0","15.12","92.16","182.16","301.68","417.6","498.24","519.84","560.88","527.76","347.04","362.88","115.92","28.08","0","0","0","0","0"
"2017-08-19","1","발전량","0","0","0","0","0","0","7.2","60.48","132.48","294.48","388.08","242.64","174.24","410.4","288","240.48","126.72","49.68","12.96","0","0","0","0","0"
"2017-08-20","1","발전량","0","0","0","0","0","0","12.24","77.04","65.52","143.28","306.72","290.88","264.96","205.2","32.4","123.12","283.68","74.88","4.32","0","0","0","0","0"
"2017-08-21","1","발전량","0","0","0","0","0","0","14.4","76.32","85.68","254.88","314.64","282.96","326.88","211.68","405.36","228.96","313.2","118.8","18.72","0","0","0","0","0"
"2017-08-22","1","발전량","0","0","0","0","0","0","15.12","92.88","255.6","281.52","349.2","167.76","293.76","364.32","328.32","295.92","370.8","164.88","18","0","0","0","0","0"
"2017-08-23","1","발전량","0","0","0","0","0","0","7.92","108.72","277.92","384.48","300.24","432","552.96","547.92","565.2","486","304.56","118.08","54.72","0","0","0","0","0"
"2017-08-24","1","발전량","0","0","0","0","0","0","7.2","108.72","251.28","335.52","467.28","470.88","285.12","274.32","439.2","130.32","164.88","178.56","52.56","0","0","0","0","0"
"2017-08-25","1","발전량","0","0","0","0","0","0","1.44","15.84","40.32","166.32","187.92","415.44","528.48","466.56","363.6","446.4","307.44","190.08","46.8","0","0","0","0","0"
"2017-08-26","1","발전량","0","0","0","0","0","0","10.08","120.24","280.8","472.32","509.04","655.2","670.32","657.36","606.24","486.72","381.6","193.68","36.72","0","0","0","0","0"
"2017-08-27","1","발전량","0","0","0","0","0","0","12.24","113.76","298.08","446.4","555.12","614.88","627.84","614.16","573.12","483.84","349.92","164.88","25.92","0","0","0","0","0"
"2017-08-28","1","발전량","0","0","0","0","0","0","15.12","108.72","264.96","394.56","534.24","599.04","604.08","600.48","449.28","149.76","272.16","138.96","22.32","0","0","0","0","0"
"2017-08-29","1","발전량","0","0","0","0","0","0","2.16","43.2","226.8","257.04","554.4","626.4","641.52","618.48","578.16","463.68","348.48","169.92","25.92","0","0","0","0","0"
"2017-08-30","1","발전량","0","0","0","0","0","0","2.16","28.08","102.96","252.72","272.16","428.4","573.84","578.16","541.44","378","190.8","77.04","33.84","0","0","0","0","0"
"2017-08-31","1","발전량","0","0","0","0","0","0","11.52","112.32","295.92","470.88","475.2","578.88","621.36","625.68","581.04","360.72","265.68","162","29.52","0","0","0","0","0"
"2017-09-01","1","발전량","0","0","0","0","0","0","5.76","67.68","226.08","420.48","486.72","644.4","666.72","654.48","581.04","460.08","335.52","148.32","19.44","0","0","0","0","0"
"2017-09-02","1","발전량","0","0","0","0","0","0","10.08","111.6","305.28","473.04","576.72","444.24","370.08","385.92","310.32","286.56","185.76","79.2","15.12","0","0","0","0","0"
"2017-09-03","1","발전량","0","0","0","0","0","0","10.08","110.88","299.52","472.32","578.88","637.92","643.68","622.08","517.68","326.88","375.84","90","12.96","0","0","0","0","0"
"2017-09-04","1","발전량","0","0","0","0","0","0","0.72","25.92","81.36","157.68","308.16","522.72","588.24","440.64","355.68","259.2","149.76","65.52","12.24","0","0","0","0","0"
"2017-09-05","1","발전량","0","0","0","0","0","0","2.88","54","108","149.04","138.24","144.72","107.28","120.24","167.76","89.28","30.96","9.36","0","0","0","0","0","0"
"2017-09-06","1","발전량","0","0","0","0","0","0","0.72","17.28","36","34.56","24.48","46.08","34.56","32.4","46.08","14.4","1.44","0.72","0","0","0","0","0","0"
"2017-09-07","1","발전량","0","0","0","0","0","0","0","6.48","30.24","46.08","27.36","36.72","52.56","70.56","62.64","61.2","69.12","33.84","9.36","0","0","0","0","0"
"2017-09-08","1","발전량","0","0","0","0","0","0","1.44","18.72","108.72","211.68","269.28","300.24","306","241.2","272.16","227.52","249.84","81.36","12.24","0","0","0","0","0"
"2017-09-09","1","발전량","0","0","0","0","0","0","12.96","108.72","232.56","322.56","480.96","552.96","504.72","427.68","398.88","398.16","256.32","113.04","14.4","0","0","0","0","0"
"2017-09-10","1","발전량","0","0","0","0","0","0","7.92","74.16","254.16","459.36","535.68","558.72","495.36","504.72","403.92","172.8","110.88","59.76","2.16","0","0","0","0","0"
"2017-09-11","1","발전량","0","0","0","0","0","0","0","0","30.24","33.12","15.12","47.52","118.8","164.88","150.48","52.56","95.76","39.6","0","0","0","0","0","0"
"2017-09-12","1","발전량","0","0","0","0","0","0","7.2","105.84","291.6","452.16","550.8","598.32","632.16","592.56","573.12","469.44","289.44","133.2","7.2","0","0","0","0","0"
"2017-09-13","1","발전량","0","0","0","0","0","0","7.92","109.44","305.28","471.6","582.48","646.56","663.84","641.52","585.36","478.8","319.68","131.76","7.2","0","0","0","0","0"
"2017-09-14","1","발전량","0","0","0","0","0","0","7.92","108","301.68","470.88","579.6","645.12","648","639.36","573.84","324.72","139.68","75.6","14.4","0","0","0","0","0"
"2017-09-15","1","발전량","0","0","0","0","0","0","7.2","69.84","174.24","258.48","352.08","370.8","426.96","434.16","369.36","229.68","135.36","52.56","2.88","0","0","0","0","0"
"2017-09-16","1","발전량","0","0","0","0","0","0","1.44","63.36","181.44","230.4","308.16","360","251.28","200.88","271.44","171.36","87.12","19.44","5.04","0","0","0","0","0"
"2017-09-17","1","발전량","0","0","0","0","0","0","0","2.88","23.04","91.44","155.52","331.2","220.32","460.8","216.72","141.84","185.76","56.88","2.88","0","0","0","0","0"
"2017-09-18","1","발전량","0","0","0","0","0","0","7.2","110.16","288.72","446.4","547.92","622.8","640.08","530.64","525.6","455.76","306.72","102.96","4.32","0","0","0","0","0"
"2017-09-19","1","발전량","0","0","0","0","0","0","10.8","80.64","225.36","321.84","362.16","474.48","476.64","384.48","494.64","269.28","167.04","51.12","1.44","0","0","0","0","0"
"2017-09-20","1","발전량","0","0","0","0","0","0","3.6","54","89.28","143.28","193.68","247.68","322.56","345.6","308.88","244.08","277.2","100.08","2.88","0","0","0","0","0"
"2017-09-21","1","발전량","0","0","0","0","0","0","5.76","108.72","293.04","392.4","411.84","517.68","586.8","466.56","433.44","452.88","123.84","102.96","2.88","0","0","0","0","0"
"2017-09-22","1","발전량","0","0","0","0","0","0","2.88","87.12","150.48","348.48","497.52","512.64","632.16","612.72","564.48","445.68","277.92","94.32","2.16","0","0","0","0","0"
"2017-09-23","1","발전량","0","0","0","0","0","0","1.44","74.16","244.8","386.64","400.32","519.84","390.96","368.64","356.4","244.8","193.68","44.64","1.44","0","0","0","0","0"
"2017-09-24","1","발전량","0","0","0","0","0","0","2.88","62.64","213.84","394.56","500.4","554.4","590.4","573.12","494.64","403.92","209.52","54.72","0","0","0","0","0","0"
"2017-09-25","1","발전량","0","0","0","0","0","0","4.32","81.36","227.52","390.24","505.44","569.52","586.08","571.68","493.2","357.84","202.32","66.24","0.72","0","0","0","0","0"
"2017-09-26","1","발전량","0","0","0","0","0","0","1.44","82.08","251.28","414.72","521.28","561.6","588.96","587.52","528.48","357.12","226.8","79.92","0.72","0","0","0","0","0"
"2017-09-27","1","발전량","0","0","0","0","0","0","0","1.44","7.92","35.28","57.6","85.68","140.4","154.08","174.24","69.12","65.52","9.36","0","0","0","0","0","0"
"2017-09-28","1","발전량","0","0","0","0","0","0","2.16","90","136.8","253.44","436.32","567.36","552.24","453.6","434.16","248.4","246.24","78.48","0.72","0","0","0","0","0"
"2017-09-29","1","발전량","0","0","0","0","0","0","4.32","101.52","306.72","479.52","592.56","650.88","540","600.48","558.72","448.56","205.92","41.76","0","0","0","0","0","0"
"2017-09-30","1","발전량","0","0","0","0","0","0","4.32","103.68","304.56","473.76","583.92","633.6","652.32","622.8","555.12","442.8","273.6","72","0","0","0","0","0","0"
"2017-10-01","1","발전량","0","0","0","0","0","0","0.72","75.6","105.12","102.96","97.2","77.04","181.44","142.56","117.36","41.76","10.08","2.16","0","0","0","0","0","0"
"2017-10-02","1","발전량","0","0","0","0","0","0","0","5.76","52.56","124.56","192.96","378","350.64","447.12","105.84","121.68","37.44","22.32","0","0","0","0","0","0"
"2017-10-03","1","발전량","0","0","0","0","0","0","0","65.52","247.68","385.2","538.56","573.84","465.84","486.72","302.4","205.92","139.68","27.36","0","0","0","0","0","0"
"2017-10-04","1","발전량","0","0","0","0","0","0","6.48","53.28","180.72","297.36","453.6","541.44","545.04","272.88","278.64","403.2","187.92","20.88","0","0","0","0","0","0"
"2017-10-05","1","발전량","0","0","0","0","0","0","0.72","40.32","123.12","263.52","368.64","202.32","163.44","195.12","146.16","71.28","30.96","3.6","0","0","0","0","0","0"
"2017-10-06","1","발전량","0","0","0","0","0","0","0","4.32","30.96","44.64","72","79.92","134.64","136.8","116.64","88.56","56.16","12.96","0","0","0","0","0","0"
"2017-10-07","1","발전량","0","0","0","0","0","0","1.44","42.48","97.2","279.36","388.8","333.36","264.24","385.92","358.56","203.04","113.04","41.76","0","0","0","0","0","0"
"2017-10-08","1","발전량","0","0","0","0","0","0","0.72","27.36","172.8","426.24","542.88","594","601.92","406.08","414","298.8","89.28","41.76","0","0","0","0","0","0"
"2017-10-09","1","발전량","0","0","0","0","0","0","0","27.36","142.56","410.4","521.28","573.84","588.96","579.6","516.24","386.64","200.16","33.84","0","0","0","0","0","0"
"2017-10-10","1","발전량","0","0","0","0","0","0","0","24.48","87.12","324.72","504.72","572.4","594","568.08","501.12","380.16","104.4","37.44","0","0","0","0","0","0"
"2017-10-11","1","발전량","0","0","0","0","0","0","0.72","27.36","149.76","256.32","219.6","83.52","57.6","293.04","306","53.28","78.48","11.52","0","0","0","0","0","0"
"2017-10-12","1","발전량","0","0","0","0","0","0","0","5.04","10.8","19.44","27.36","33.84","41.76","43.2","33.84","24.48","7.2","0.72","0","0","0","0","0","0"
"2017-10-13","1","발전량","0","0","0","0","0","0","0.72","83.52","291.6","470.88","589.68","651.6","666.72","634.32","561.6","428.4","233.28","36.72","0","0","0","0","0","0"
"2017-10-14","1","발전량","0","0","0","0","0","0","0","22.32","114.48","182.88","529.2","614.88","530.64","524.16","496.08","390.24","175.68","20.16","0","0","0","0","0","0"
"2017-10-15","1","발전량","0","0","0","0","0","0","0","7.92","42.48","79.2","126.72","174.24","272.88","277.92","220.32","155.52","40.32","5.04","0","0","0","0","0","0"
"2017-10-16","1","발전량","0","0","0","0","0","0","0","14.4","37.44","59.04","159.12","203.04","182.88","168.48","136.8","81.36","42.48","20.88","0","0","0","0","0","0"
"2017-10-17","1","발전량","0","0","0","0","0","0","0","23.76","78.48","140.4","255.6","231.84","372.96","429.84","317.52","197.28","66.24","7.2","0","0","0","0","0","0"
"2017-10-18","1","발전량","0","0","0","0","0","0","0","6.48","59.04","98.64","131.76","185.76","290.88","164.16","144.72","73.44","33.84","2.16","0","0","0","0","0","0"
"2017-10-19","1","발전량","0","0","0","0","0","0","0","26.64","172.08","242.64","416.88","586.8","557.28","490.32","207.36","155.52","115.2","6.48","0","0","0","0","0","0"
"2017-10-20","1","발전량","0","0","0","0","0","0","0.72","69.84","257.76","429.12","534.96","608.4","455.04","570.24","514.08","205.92","133.2","18.72","0","0","0","0","0","0"
"2017-10-21","1","발전량","0","0","0","0","0","0","0","67.68","258.48","432.72","552.96","620.64","635.04","587.52","452.16","340.56","157.68","18","0","0","0","0","0","0"
"2017-10-22","1","발전량","0","0","0","0","0","0","0","52.56","224.64","390.96","516.96","614.88","630","583.2","430.56","328.32","111.6","17.28","0","0","0","0","0","0"
"2017-10-23","1","발전량","0","0","0","0","0","0","0","61.2","244.8","421.2","543.6","610.56","625.68","584.64","496.08","300.24","108.72","6.48","0","0","0","0","0","0"
"2017-10-24","1","발전량","0","0","0","0","0","0","0","40.32","54","71.28","140.4","91.44","159.12","311.76","450","330.48","118.08","18.72","0","0","0","0","0","0"
"2017-10-25","1","발전량","0","0","0","0","0","0","0","21.6","120.96","362.16","534.96","591.84","596.16","565.2","482.4","340.56","149.76","12.96","0","0","0","0","0","0"
"2017-10-26","1","발전량","0","0","0","0","0","0","0","39.6","146.16","273.6","252.72","246.24","597.6","545.76","509.76","308.88","160.56","18.72","0","0","0","0","0","0"
"2017-10-27","1","발전량","0","0","0","0","0","0","0","59.76","162.72","380.16","452.16","555.12","540.72","536.4","464.4","310.32","128.16","12.24","0","0","0","0","0","0"
"2017-10-28","1","발전량","0","0","0","0","0","0","0","20.88","183.6","362.88","418.32","258.48","232.56","257.04","197.28","102.24","30.96","0.72","0","0","0","0","0","0"
"2017-10-29","1","발전량","0","0","0","0","0","0","0","45.36","223.2","396","514.8","576.72","552.96","505.44","393.84","233.28","136.08","11.52","0","0","0","0","0","0"
"2017-10-30","1","발전량","0","0","0","0","0","0","0","56.88","254.88","441.36","558","629.28","640.8","605.52","520.56","372.96","164.16","10.08","0","0","0","0","0","0"
"2017-10-31","1","발전량","0","0","0","0","0","0","0","57.6","246.24","424.8","547.92","606.24","612.72","588.96","504","341.28","147.6","8.64","0","0","0","0","0","0"
"2017-11-01","1","발전량","0","0","0","0","0","0","0","44.64","233.28","411.84","531.36","587.52","597.6","568.08","480.24","329.04","137.52","6.48","0","0","0","0","0","0"
"2017-11-02","1","발전량","0","0","0","0","0","0","0","58.32","232.56","289.44","441.36","483.12","419.76","411.12","352.08","182.16","109.44","4.32","0","0","0","0","0","0"
"2017-11-03","1","발전량","0","0","0","0","0","0","0","36","184.32","354.96","477.36","537.84","534.96","504.72","412.56","100.8","38.88","5.76","0","0","0","0","0","0"
"2017-11-04","1","발전량","0","0","0","0","0","0","0","38.88","207.36","393.84","526.32","596.16","607.68","573.84","484.56","333.36","128.16","5.76","0","0","0","0","0","0"
"2017-11-05","1","발전량","0","0","0","0","0","0","0","42.48","214.56","393.84","516.96","585.36","597.6","565.92","483.84","334.8","131.04","6.48","0","0","0","0","0","0"
"2017-11-06","1","발전량","0","0","0","0","0","0","0","46.8","159.84","396.72","519.84","578.16","588.24","562.32","470.88","318.24","120.96","3.6","0","0","0","0","0","0"
"2017-11-07","1","발전량","0","0","0","0","0","0","0","20.88","188.64","190.08","341.28","516.24","379.44","213.84","105.12","95.04","33.12","0","0","0","0","0","0","0"
"2017-11-08","1","발전량","0","0","0","0","0","0","0","18","65.52","272.88","455.04","499.68","556.56","533.52","455.04","307.44","104.4","4.32","0","0","0","0","0","0"
"2017-11-09","1","발전량","0","0","0","0","0","0","0","34.56","186.48","357.84","481.68","544.32","551.52","524.88","437.76","289.44","104.4","4.32","0","0","0","0","0","0"
"2017-11-10","1","발전량","0","0","0","0","0","0","0","21.6","128.88","213.12","328.32","363.6","314.64","425.52","285.84","82.8","45.36","0.72","0","0","0","0","0","0"
"2017-11-11","1","발전량","0","0","0","0","0","0","0","34.56","203.76","390.96","523.44","588.96","601.92","563.76","474.48","321.84","117.36","3.6","0","0","0","0","0","0"
"2017-11-12","1","발전량","0","0","0","0","0","0","0","34.56","206.64","344.16","456.48","448.56","464.4","493.92","344.88","256.32","97.92","5.04","0","0","0","0","0","0"
"2017-11-13","1","발전량","0","0","0","0","0","0","0","28.08","149.04","342","432.72","542.16","379.44","149.76","192.96","121.68","61.92","2.16","0","0","0","0","0","0"
"2017-11-14","1","발전량","0","0","0","0","0","0","0","20.88","162.72","327.6","447.12","524.16","536.4","498.96","398.16","236.88","69.84","2.16","0","0","0","0","0","0"
"2017-11-15","1","발전량","0","0","0","0","0","0","0","25.2","177.84","351.36","477.36","552.24","534.96","467.28","402.48","239.04","91.44","2.88","0","0","0","0","0","0"
"2017-11-16","1","발전량","0","0","0","0","0","0","0","27.36","180","357.84","486.72","553.68","569.52","538.56","444.96","281.52","90","2.88","0","0","0","0","0","0"
"2017-11-17","1","발전량","0","0","0","0","0","0","0","7.92","101.52","257.76","380.88","453.6","446.4","358.56","140.4","132.48","48.96","0","0","0","0","0","0","0"
"2017-11-18","1","발전량","0","0","0","0","0","0","0","12.24","139.68","332.64","466.56","566.64","545.04","581.04","488.16","323.28","110.88","2.16","0","0","0","0","0","0"
"2017-11-19","1","발전량","0","0","0","0","0","0","0","22.32","187.2","376.56","511.2","576.72","583.92","550.08","446.4","190.08","51.84","0","0","0","0","0","0","0"
"2017-11-20","1","발전량","0","0","0","0","0","0","0","13.68","158.4","329.76","464.4","542.88","560.16","499.68","447.84","295.2","92.16","2.16","0","0","0","0","0","0"
"2017-11-21","1","발전량","0","0","0","0","0","0","0","18.72","172.08","349.92","478.08","547.2","555.12","534.96","442.08","269.28","74.88","0.72","0","0","0","0","0","0"
"2017-11-22","1","발전량","0","0","0","0","0","0","0","1.44","71.28","94.32","152.64","281.52","204.48","246.24","148.32","187.2","74.88","0.72","0","0","0","0","0","0"
"2017-11-23","1","발전량","0","0","0","0","0","0","0","15.84","160.56","339.84","470.88","525.6","245.52","241.2","98.64","113.04","58.32","1.44","0","0","0","0","0","0"
"2017-11-24","1","발전량","0","0","0","0","0","0","0","15.84","151.92","336.96","457.92","511.92","540","486","430.56","289.44","101.52","1.44","0","0","0","0","0","0"
"2017-11-25","1","발전량","0","0","0","0","0","0","0","3.6","76.32","212.4","437.76","534.24","552.24","520.56","399.6","162.72","51.84","0.72","0","0","0","0","0","0"
"2017-11-26","1","발전량","0","0","0","0","0","0","0","5.76","70.56","169.2","254.16","350.64","421.92","447.84","295.2","156.24","36.72","1.44","0","0","0","0","0","0"
"2017-11-27","1","발전량","0","0","0","0","0","0","0","9.36","109.44","249.12","381.6","433.44","429.12","430.56","320.4","188.64","65.52","1.44","0","0","0","0","0","0"
"2017-11-28","1","발전량","0","0","0","0","0","0","0","10.08","56.88","141.84","262.8","459.36","447.12","136.08","0","182.88","62.64","0.72","0","0","0","0","0","0"
"2017-11-29","1","발전량","0","0","0","0","0","0","0","5.04","110.88","155.52","374.4","432","437.04","210.96","89.28","41.76","9.36","0","0","0","0","0","0","0"
"2017-11-30","1","발전량","0","0","0","0","0","0","0","1.44","50.4","205.92","401.76","553.68","424.8","277.2","432.72","275.04","81.36","0.72","0","0","0","0","0","0"
"2017-12-01","1","발전량","0","0","0","0","0","0","0","5.04","106.56","325.44","477.36","545.04","573.84","540.72","452.88","295.92","91.44","0.72","0","0","0","0","0","0"
"2017-12-02","1","발전량","0","0","0","0","0","0","0","7.2","40.32","270","455.76","479.52","445.68","466.56","362.88","175.68","44.64","0","0","0","0","0","0","0"
"2017-12-03","1","발전량","0","0","0","0","0","0","0","6.48","125.28","293.76","427.68","503.28","511.2","484.56","347.04","203.76","51.84","0.72","0","0","0","0","0","0"
"2017-12-04","1","발전량","0","0","0","0","0","0","0","0","88.56","214.56","337.68","288","204.48","464.4","409.68","277.92","87.12","0.72","0","0","0","0","0","0"
"2017-12-05","1","발전량","0","0","0","0","0","0","0","5.76","134.64","326.16","469.44","516.96","542.16","520.56","425.52","249.12","94.32","0.72","0","0","0","0","0","0"
"2017-12-06","1","발전량","0","0","0","0","0","0","0","5.04","115.92","288","432.72","501.84","522.72","493.92","307.44","231.12","46.08","0","0","0","0","0","0","0"
"2017-12-07","1","발전량","0","0","0","0","0","0","0","7.2","92.16","203.04","296.64","262.8","364.32","299.52","113.04","103.68","7.92","0","0","0","0","0","0","0"
"2017-12-08","1","발전량","0","0","0","0","0","0","0","4.32","118.08","306.72","457.92","546.48","569.52","545.04","456.48","288.72","84.24","0.72","0","0","0","0","0","0"
"2017-12-09","1","발전량","0","0","0","0","0","0","0","4.32","69.84","266.4","416.16","491.04","383.76","336.24","252","148.32","82.08","0","0","0","0","0","0","0"
"2017-12-10","1","발전량","0","0","0","0","0","0","0","0","6.48","28.08","39.6","252.72","483.12","449.28","319.68","211.68","33.84","0.72","0","0","0","0","0","0"
"2017-12-11","1","발전량","0","0","0","0","0","0","0","3.6","112.32","308.16","452.16","529.2","465.84","476.64","392.4","208.08","72.72","1.44","0","0","0","0","0","0"
"2017-12-12","1","발전량","0","0","0","0","0","0","0","2.88","92.88","277.92","450.72","564.48","588.24","575.28","487.44","314.64","96.48","0.72","0","0","0","0","0","0"
"2017-12-13","1","발전량","0","0","0","0","0","0","0","2.88","118.8","319.68","473.04","563.76","596.16","579.6","491.04","318.96","101.52","0.72","0","0","0","0","0","0"
"2017-12-14","1","발전량","0","0","0","0","0","0","0","3.6","112.32","285.84","424.08","437.04","541.44","412.56","324","204.48","43.2","0","0","0","0","0","0","0"
"2017-12-15","1","발전량","0","0","0","0","0","0","0","5.76","82.8","297.36","432","509.76","471.6","470.16","342","141.84","56.16","0.72","0","0","0","0","0","0"
"2017-12-16","1","발전량","0","0","0","0","0","0","0","0","40.32","224.64","404.64","456.48","509.04","439.2","426.96","269.28","79.2","2.16","0","0","0","0","0","0"
"2017-12-17","1","발전량","0","0","0","0","0","0","0","2.16","113.04","315.36","473.04","565.2","592.56","562.32","473.76","307.44","89.28","1.44","0","0","0","0","0","0"
"2017-12-18","1","발전량","0","0","0","0","0","0","0","3.6","108.72","288","437.76","522.72","547.92","509.04","419.04","225.36","77.04","0","0","0","0","0","0","0"
"2017-12-19","1","발전량","0","0","0","0","0","0","0","0.72","46.8","288","446.4","534.96","570.96","549.36","469.44","297.36","93.6","1.44","0","0","0","0","0","0"
"2017-12-20","1","발전량","0","0","0","0","0","0","0","1.44","106.56","302.4","460.8","543.6","564.48","540.72","460.08","295.2","90","0.72","0","0","0","0","0","0"
"2017-12-21","1","발전량","0","0","0","0","0","0","0","2.16","100.08","284.4","426.96","519.84","542.88","532.08","444.96","286.56","91.44","1.44","0","0","0","0","0","0"
"2017-12-22","1","발전량","0","0","0","0","0","0","0","1.44","101.52","285.12","426.96","508.32","543.6","522.72","442.08","276.48","89.28","1.44","0","0","0","0","0","0"
"2017-12-23","1","발전량","0","0","0","0","0","0","0","0.72","37.44","162.72","334.8","443.52","467.28","408.24","403.2","257.04","65.52","0.72","0","0","0","0","0","0"
"2017-12-24","1","발전량","0","0","0","0","0","0","0","1.44","3.6","0","9.36","41.04","89.28","144.72","131.76","160.56","84.24","0.72","0","0","0","0","0","0"
"2017-12-25","1","발전량","0","0","0","0","0","0","0","1.44","100.08","307.44","469.44","566.64","590.4","570.24","501.12","336.24","115.92","2.16","0","0","0","0","0","0"
"2017-12-26","1","발전량","0","0","0","0","0","0","0","0","27.36","137.52","328.32","524.16","305.28","424.8","488.16","311.76","106.56","2.88","0","0","0","0","0","0"
"2017-12-27","1","발전량","0","0","0","0","0","0","0","0.72","102.24","308.16","475.92","569.52","609.84","588.96","511.92","349.2","126","2.16","0","0","0","0","0","0"
"2017-12-28","1","발전량","0","0","0","0","0","0","0","0.72","62.64","205.92","313.92","347.04","408.24","222.48","159.12","156.96","64.8","2.16","0","0","0","0","0","0"
"2017-12-29","1","발전량","0","0","0","0","0","0","0","0","43.2","216.72","362.88","460.8","491.76","490.32","419.76","264.96","89.28","2.88","0","0","0","0","0","0"
"2017-12-30","1","발전량","0","0","0","0","0","0","0","0","12.24","35.28","75.6","173.52","177.84","105.84","76.32","26.64","7.2","0","0","0","0","0","0","0"
"2017-12-31","1","발전량","0","0","0","0","0","0","0","0","79.92","270","431.28","536.4","579.6","560.88","473.04","316.08","109.44","3.6","0","0","0","0","0","0"
